This Agency Report was generated on 9/14/2023 2:56:30 PM by the:,,,,,,,,,,,,,,,,,,,,,,,,,,,,,,,,,,,,,,
Alaska Department of Fish and Game,,,,,,,,,,,,,,,,,,,,,,,,,,,,,,,,,,,,,,
Mark Tag & Age Laboratory,,,,,,,,,,,,,,,,,,,,,,,,,,,,,,,,,,,,,,
dfg.dcf.cwtstaff@alaska.gov,,,,,,,,,,,,,,,,,,,,,,,,,,,,,,,,,,,,,,
(907) 465-3483,,,,,,,,,,,,,,,,,,,,,,,,,,,,,,,,,,,,,,
PO BOX 115526,,,,,,,,,,,,,,,,,,,,,,,,,,,,,,,,,,,,,,
Juneau AK 99811-5526,,,,,,,,,,,,,,,,,,,,,,,,,,,,,,,,,,,,,,
 ,,,,,,,,,,,,,,,,,,,,,,,,,,,,,,,,,,,,,,
Criteria for this report included:,,,,,,,,,,,,,,,,,,,,,,,,,,,,,,,,,,,,,,
"Years: 2023,2022,2021,2020,2019,2018",,,,,,,,,,,,,,,,,,,,,,,,,,,,,,,,,,,,,,
States: ,,,,,,,,,,,,,,,,,,,,,,,,,,,,,,,,,,,,,,
Agencies: ,,,,,,,,,,,,,,,,,,,,,,,,,,,,,,,,,,,,,,
Rearing codes: ,,,,,,,,,,,,,,,,,,,,,,,,,,,,,,,,,,,,,,
Release Location: %AUKE%,,,,,,,,,,,,,,,,,,,,,,,,,,,,,,,,,,,,,,
Release Site:%,,,,,,,,,,,,,,,,,,,,,,,,,,,,,,,,,,,,,,
Species codes: 430,,,,,,,,,,,,,,,,,,,,,,,,,,,,,,,,,,,,,,
Clip Status: ,,,,,,,,,,,,,,,,,,,,,,,,,,,,,,,,,,,,,,
Tag Status codes: ,,,,,,,,,,,,,,,,,,,,,,,,,,,,,,,,,,,,,,
Tag codes: ,,,,,,,,,,,,,,,,,,,,,,,,,,,,,,,,,,,,,,
Source codes: ,,,,,,,,,,,,,,,,,,,,,,,,,,,,,,,,,,,,,,
Gear codes: ,,,,,,,,,,,,,,,,,,,,,,,,,,,,,,,,,,,,,,
Harvest codes: ,,,,,,,,,,,,,,,,,,,,,,,,,,,,,,,,,,,,,,
Sampling Type codes: ,,,,,,,,,,,,,,,,,,,,,,,,,,,,,,,,,,,,,,
"StatWeek CWT: 1,54",,,,,,,,,,,,,,,,,,,,,,,,,,,,,,,,,,,,,,
Does NOT include records with null Status Week values,,,,,,,,,,,,,,,,,,,,,,,,,,,,,,,,,,,,,,
,,,,,,,,,,,,,,,,,,,,,,,,,,,,,,,,,,,,,,
Year,Survey Site / Sport Rollup Area,Sample,Head,Sampling Type Code,Source,Sport Estimate Type,Harvest,Gear Class,Date (CWT),Stat Week (CWT),Period,Region,Water Type Code,Quadrant,Seine Area,District,Sub-District,A-Stream / Canada Watershed,Species,Clip Status,Length,Length Type Code,Tag Code,Tag Status,Why Status-7 Code,Year Brood,State,Agency,Rearing Code,Location (Facility or Wild Stock),Site,Tag Ratio Type,Tag Ratio,Subsample Factor,Expansion Factor,Contribution,Year Release,Release Stage
2018,JUNEAU,18046102,747060,R,COM CP,,TRAD,DRIFT,7/29/2018,31,,1,S,NE,,115,10,,COHO,GOOD,625,2,44164,OK,,2015,AK,NMFS,W,(W) AUKE CR,AUKE CR 111-50,SINGLE INDEX,1.001,,0.89573,0.89663,2017,SMOLT
2018,JUNEAU,18046111,747311,R,COM CP,,TRAD,DRIFT,8/14/2018,33,,1,S,NE,,115,10,,COHO,GOOD,610,2,44164,OK,,2015,AK,NMFS,W,(W) AUKE CR,AUKE CR 111-50,SINGLE INDEX,1.001,,2.1719,2.17407,2017,SMOLT
2018,JUNEAU,18046125,747549,R,COM CP,,TRAD,DRIFT,8/26/2018,35,,1,S,NE,,111,,,COHO,GOOD,520,2,44164,OK,,2015,AK,NMFS,W,(W) AUKE CR,AUKE CR 111-50,SINGLE INDEX,1.001,,2.46336,2.46582,2017,SMOLT
2018,JUNEAU,18046123,747283,R,COM CP,,TRAD,DRIFT,8/26/2018,35,,1,S,NE,,115,10,,COHO,GOOD,590,2,44164,OK,,2015,AK,NMFS,W,(W) AUKE CR,AUKE CR 111-50,SINGLE INDEX,1.001,,2.34877,2.35112,2017,SMOLT
2018,JUNEAU,18046122,747299,R,COM CP,,TRAD,DRIFT,8/26/2018,35,,1,S,NE,,115,10,,COHO,GOOD,610,2,44164,OK,,2015,AK,NMFS,W,(W) AUKE CR,AUKE CR 111-50,SINGLE INDEX,1.001,,2.34877,2.35112,2017,SMOLT
2018,JUNEAU,18046124,747536,R,COM CP,,TRAD,DRIFT,8/26/2018,35,,1,S,NE,,115,,,COHO,GOOD,600,2,44164,OK,,2015,AK,NMFS,W,(W) AUKE CR,AUKE CR 111-50,SINGLE INDEX,1.001,,2.34877,2.35112,2017,SMOLT
2018,JUNEAU,18046132,721751,R,COM CP,,TRAD,DRIFT,9/2/2018,36,,1,S,NE,,111,32,,COHO,GOOD,565,2,44164,OK,,2015,AK,NMFS,W,(W) AUKE CR,AUKE CR 111-50,SINGLE INDEX,1.001,,2.12009,2.12221,2017,SMOLT
2018,JUNEAU,18046126,747425,R,COM CP,,TRAD,DRIFT,9/2/2018,36,,1,S,NE,,111,32,,COHO,GOOD,620,2,44164,OK,,2015,AK,NMFS,W,(W) AUKE CR,AUKE CR 111-50,SINGLE INDEX,1.001,,2.12009,2.12221,2017,SMOLT
2018,JUNEAU,18046130,747605,R,COM CP,,TRAD,DRIFT,9/2/2018,36,,1,S,NE,,111,32,,COHO,GOOD,620,2,44164,OK,,2015,AK,NMFS,W,(W) AUKE CR,AUKE CR 111-50,SINGLE INDEX,1.001,,2.12009,2.12221,2017,SMOLT
2018,JUNEAU,18046131,747632,R,COM CP,,TRAD,DRIFT,9/2/2018,36,,1,S,NE,,115,,,COHO,GOOD,580,2,44164,OK,,2015,AK,NMFS,W,(W) AUKE CR,AUKE CR 111-50,SINGLE INDEX,1.001,,2.78329,2.78607,2017,SMOLT
2018,JUNEAU,18046129,747439,R,COM CP,,TRAD,DRIFT,9/2/2018,36,,1,S,NE,,115,,,COHO,GOOD,600,2,44164,OK,,2015,AK,NMFS,W,(W) AUKE CR,AUKE CR 111-50,SINGLE INDEX,1.001,,2.78329,2.78607,2017,SMOLT
2018,JUNEAU,18046129,747463,R,COM CP,,TRAD,DRIFT,9/2/2018,36,,1,S,NE,,115,,,COHO,GOOD,675,2,44164,OK,,2015,AK,NMFS,W,(W) AUKE CR,AUKE CR 111-50,SINGLE INDEX,1.001,,2.78329,2.78607,2017,SMOLT
2018,JUNEAU,18046136,747317,R,COM CP,,TRAD,DRIFT,9/9/2018,37,,1,S,NE,,111,32,,COHO,GOOD,670,2,44164,OK,,2015,AK,NMFS,W,(W) AUKE CR,AUKE CR 111-50,SINGLE INDEX,1.001,,3.04545,3.0485,2017,SMOLT
2018,JUNEAU,18046133,721773,R,COM CP,,TRAD,DRIFT,9/9/2018,37,,1,S,NE,,115,10,,COHO,GOOD,630,2,44164,OK,,2015,AK,NMFS,W,(W) AUKE CR,AUKE CR 111-50,SINGLE INDEX,1.001,,2.36231,2.36467,2017,SMOLT
2018,JUNEAU,18046133,721776,R,COM CP,,TRAD,DRIFT,9/9/2018,37,,1,S,NE,,115,10,,COHO,GOOD,630,2,44164,OK,,2015,AK,NMFS,W,(W) AUKE CR,AUKE CR 111-50,SINGLE INDEX,1.001,,2.36231,2.36467,2017,SMOLT
2018,JUNEAU,18046133,747647,R,COM CP,,TRAD,DRIFT,9/9/2018,37,,1,S,NE,,115,10,,COHO,GOOD,650,2,44164,OK,,2015,AK,NMFS,W,(W) AUKE CR,AUKE CR 111-50,SINGLE INDEX,1.001,,2.36231,2.36467,2017,SMOLT
2018,JUNEAU,18046133,721789,R,COM CP,,TRAD,DRIFT,9/9/2018,37,,1,S,NE,,115,10,,COHO,GOOD,660,2,44164,OK,,2015,AK,NMFS,W,(W) AUKE CR,AUKE CR 111-50,SINGLE INDEX,1.001,,2.36231,2.36467,2017,SMOLT
2018,JUNEAU,18046133,721800,R,COM CP,,TRAD,DRIFT,9/9/2018,37,,1,S,NE,,115,10,,COHO,GOOD,665,2,44164,OK,,2015,AK,NMFS,W,(W) AUKE CR,AUKE CR 111-50,SINGLE INDEX,1.001,,2.36231,2.36467,2017,SMOLT
2018,JUNEAU,18046134,747393,R,COM CP,,TRAD,DRIFT,9/11/2018,37,,1,S,NE,,111,32,,COHO,GOOD,605,2,44164,OK,,2015,AK,NMFS,W,(W) AUKE CR,AUKE CR 111-50,SINGLE INDEX,1.001,,3.04545,3.0485,2017,SMOLT
2018,JUNEAU,18046137,747691,R,COM CP,,TRAD,DRIFT,9/11/2018,37,,1,S,NE,,115,10,,COHO,GOOD,575,2,44164,OK,,2015,AK,NMFS,W,(W) AUKE CR,AUKE CR 111-50,SINGLE INDEX,1.001,,2.36231,2.36467,2017,SMOLT
2018,JUNEAU,18046137,747708,R,COM CP,,TRAD,DRIFT,9/11/2018,37,,1,S,NE,,115,10,,COHO,GOOD,630,2,44164,OK,,2015,AK,NMFS,W,(W) AUKE CR,AUKE CR 111-50,SINGLE INDEX,1.001,,2.36231,2.36467,2017,SMOLT
2018,JUNEAU,18046137,747702,R,COM CP,,TRAD,DRIFT,9/11/2018,37,,1,S,NE,,115,10,,COHO,GOOD,650,2,44164,OK,,2015,AK,NMFS,W,(W) AUKE CR,AUKE CR 111-50,SINGLE INDEX,1.001,,2.36231,2.36467,2017,SMOLT
2018,JUNEAU,18046137,747681,R,COM CP,,TRAD,DRIFT,9/11/2018,37,,1,S,NE,,115,10,,COHO,GOOD,660,2,44164,OK,,2015,AK,NMFS,W,(W) AUKE CR,AUKE CR 111-50,SINGLE INDEX,1.001,,2.36231,2.36467,2017,SMOLT
2018,JUNEAU,18046137,747686,R,COM CP,,TRAD,DRIFT,9/11/2018,37,,1,S,NE,,115,10,,COHO,QUESTIONABLE,590,2,44164,OK,,2015,AK,NMFS,W,(W) AUKE CR,AUKE CR 111-50,SINGLE INDEX,1.001,,2.36231,2.36467,2017,SMOLT
2018,JUNEAU,18046139,747731,R,COM CP,,TRAD,DRIFT,9/16/2018,38,,1,S,NE,,111,32,,COHO,GOOD,620,2,44164,OK,,2015,AK,NMFS,W,(W) AUKE CR,AUKE CR 111-50,SINGLE INDEX,1.001,,2.33447,2.3368,2017,SMOLT
2018,JUNEAU,18046139,747747,R,COM CP,,TRAD,DRIFT,9/16/2018,38,,1,S,NE,,111,32,,COHO,GOOD,650,2,44164,OK,,2015,AK,NMFS,W,(W) AUKE CR,AUKE CR 111-50,SINGLE INDEX,1.001,,2.33447,2.3368,2017,SMOLT
2018,JUNEAU,18046141,747783,R,COM CP,,TRAD,DRIFT,9/16/2018,38,,1,S,NE,,115,10,,COHO,GOOD,610,2,44164,OK,,2015,AK,NMFS,W,(W) AUKE CR,AUKE CR 111-50,SINGLE INDEX,1.001,,3.81647,3.82029,2017,SMOLT
2018,JUNEAU,18046141,747780,R,COM CP,,TRAD,DRIFT,9/16/2018,38,,1,S,NE,,115,10,,COHO,GOOD,630,2,44164,OK,,2015,AK,NMFS,W,(W) AUKE CR,AUKE CR 111-50,SINGLE INDEX,1.001,,3.81647,3.82029,2017,SMOLT
2018,JUNEAU,18046141,747775,R,COM CP,,TRAD,DRIFT,9/16/2018,38,,1,S,NE,,115,10,,COHO,GOOD,650,2,44164,OK,,2015,AK,NMFS,W,(W) AUKE CR,AUKE CR 111-50,SINGLE INDEX,1.001,,3.81647,3.82029,2017,SMOLT
2018,JUNEAU,18046141,747765,R,COM CP,,TRAD,DRIFT,9/16/2018,38,,1,S,NE,,115,10,,COHO,GOOD,675,2,44164,OK,,2015,AK,NMFS,W,(W) AUKE CR,AUKE CR 111-50,SINGLE INDEX,1.001,,3.81647,3.82029,2017,SMOLT
2018,JUNEAU,18046140,747790,R,COM CP,,TRAD,DRIFT,9/16/2018,38,,1,S,NE,,115,31,,COHO,GOOD,590,2,44164,OK,,2015,AK,NMFS,W,(W) AUKE CR,AUKE CR 111-50,SINGLE INDEX,1.001,,3.81647,3.82029,2017,SMOLT
2018,JUNEAU,18046143,747138,R,COM CP,,TRAD,DRIFT,9/23/2018,39,,1,S,NE,,115,10,,COHO,GOOD,595,2,44164,OK,,2015,AK,NMFS,W,(W) AUKE CR,AUKE CR 111-50,SINGLE INDEX,1.001,,4.04385,4.04789,2017,SMOLT
2018,JUNEAU,18046143,747171,R,COM CP,,TRAD,DRIFT,9/23/2018,39,,1,S,NE,,115,10,,COHO,GOOD,600,2,44164,OK,,2015,AK,NMFS,W,(W) AUKE CR,AUKE CR 111-50,SINGLE INDEX,1.001,,4.04385,4.04789,2017,SMOLT
2018,JUNEAU,18046143,747155,R,COM CP,,TRAD,DRIFT,9/23/2018,39,,1,S,NE,,115,10,,COHO,GOOD,680,2,44164,OK,,2015,AK,NMFS,W,(W) AUKE CR,AUKE CR 111-50,SINGLE INDEX,1.001,,4.04385,4.04789,2017,SMOLT
2018,SITKA,18037225,761404,R,COM CP,,TRAD,TROLL,7/21/2018,29,4,1,S,NW,,,,,COHO,GOOD,595,2,44164,OK,,2015,AK,NMFS,W,(W) AUKE CR,AUKE CR 111-50,SINGLE INDEX,1.001,,3.45649,3.45995,2017,SMOLT
2018,SITKA,18037273,761393,R,COM CP,,TRAD,TROLL,7/25/2018,30,4,1,S,NW,,,,,COHO,GOOD,585,2,44164,OK,,2015,AK,NMFS,W,(W) AUKE CR,AUKE CR 111-50,SINGLE INDEX,1.001,,3.45649,3.45995,2017,SMOLT
2018,HOONAH,18110024,663332,R,COM CP,,TRAD,TROLL,8/7/2018,32,4,1,S,NW,,113,81,,COHO,GOOD,630,2,44164,OK,,2015,AK,NMFS,W,(W) AUKE CR,AUKE CR 111-50,SINGLE INDEX,1.001,,3.45649,3.45995,2017,SMOLT
2018,HOONAH,18110041,663344,R,COM CP,,TRAD,TROLL,8/16/2018,33,5,1,S,NE,,112,16,,COHO,GOOD,585,2,44164,OK,,2015,AK,NMFS,W,(W) AUKE CR,AUKE CR 111-50,SINGLE INDEX,1.001,,9.59338,9.60297,2017,SMOLT
2018,JUNEAU,18046114,747100,R,COM CP,,TRAD,TROLL,8/19/2018,34,5,1,S,NW,,154,,,COHO,GOOD,590,2,44164,OK,,2015,AK,NMFS,W,(W) AUKE CR,AUKE CR 111-50,SINGLE INDEX,1.001,,5.55209,5.55764,2017,SMOLT
2018,SITKA,18037686,773723,R,COM CP,,TRAD,TROLL,8/19/2018,34,5,1,S,NW,,154,,,COHO,GOOD,590,2,44164,OK,,2015,AK,NMFS,W,(W) AUKE CR,AUKE CR 111-50,SINGLE INDEX,1.001,,5.55209,5.55764,2017,SMOLT
2018,SITKA,18037661,762160,R,COM CP,,TRAD,TROLL,8/19/2018,34,5,1,S,NW,,154,,,COHO,GOOD,630,2,44164,OK,,2015,AK,NMFS,W,(W) AUKE CR,AUKE CR 111-50,SINGLE INDEX,1.001,,5.55209,5.55764,2017,SMOLT
2018,PELICAN,18010091,756330,R,COM CP,,TRAD,TROLL,8/26/2018,35,5,1,S,NW,,154,,,COHO,GOOD,555,2,44164,OK,,2015,AK,NMFS,W,(W) AUKE CR,AUKE CR 111-50,SINGLE INDEX,1.001,,5.55209,5.55764,2017,SMOLT
2018,SITKA,18037845,775618,R,COM CP,,TRAD,TROLL,8/29/2018,35,5,1,S,NW,,,,,COHO,GOOD,610,2,44164,OK,,2015,AK,NMFS,W,(W) AUKE CR,AUKE CR 111-50,SINGLE INDEX,1.001,,5.55209,5.55764,2017,SMOLT
2018,HOONAH,18110079,663382,R,COM CP,,TRAD,TROLL,9/5/2018,36,5,1,S,NE,,112,16,,COHO,GOOD,660,2,44164,OK,,2015,AK,NMFS,W,(W) AUKE CR,AUKE CR 111-50,SINGLE INDEX,1.001,,9.59338,9.60297,2017,SMOLT
2018,SITKA,18032113,734142,R,SPORT,POSTSEASON,,,8/4/2018,31,3,1,S,NW,,113,45,,COHO,GOOD,670,2,44164,OK,,2015,AK,NMFS,W,(W) AUKE CR,AUKE CR 111-50,SINGLE INDEX,1.001,,3.81459,3.8184,2017,SMOLT
2018,JUNEAU,18041338,390225,R,SPORT,POSTSEASON,,,8/11/2018,32,3,1,S,NE,,112,15,,COHO,GOOD,640,2,44164,OK,,2015,AK,NMFS,W,(W) AUKE CR,AUKE CR 111-50,SINGLE INDEX,1.001,,20.05294,20.07299,2017,SMOLT
2018,SITKA,18032308,734266,R,SPORT,POSTSEASON,,,8/12/2018,33,3,1,S,NW,,113,45,,COHO,GOOD,620,2,44164,OK,,2015,AK,NMFS,W,(W) AUKE CR,AUKE CR 111-50,SINGLE INDEX,1.001,,3.81459,3.8184,2017,SMOLT
2018,JUNEAU,18041716,707197,R,SPORT,POSTSEASON,,,8/18/2018,33,3,1,S,NE,,112,15,,COHO,GOOD,585,2,44164,OK,,2015,AK,NMFS,W,(W) AUKE CR,AUKE CR 111-50,SINGLE INDEX,1.001,,1.37721,1.37859,2017,SMOLT
2018,JUNEAU,18042014,633424,R,SPORT,POSTSEASON,,,8/19/2018,34,3,1,S,NE,,112,15,,COHO,GOOD,645,2,44164,OK,,2015,AK,NMFS,W,(W) AUKE CR,AUKE CR 111-50,SINGLE INDEX,1.001,,1.37721,1.37859,2017,SMOLT
2018,JUNEAU,18042114,677345,R,SPORT,POSTSEASON,,,8/25/2018,34,3,1,S,NE,,112,15,,COHO,GOOD,560,2,44164,OK,,2015,AK,NMFS,W,(W) AUKE CR,AUKE CR 111-50,SINGLE INDEX,1.001,,20.05294,20.07299,2017,SMOLT
2019,JUNEAU,19046082,768029,R,COM CP,,TRAD,DRIFT,8/12/2019,33,,1,S,NE,,115,10,,COHO,GOOD,525,2,44096,OK,,2016,AK,NMFS,W,(W) AUKE CR,AUKE CR 111-50,SINGLE INDEX,1,,1.22829,1.22829,2018,SMOLT
2019,JUNEAU,19046087,768075,R,COM CP,,TRAD,DRIFT,8/18/2019,34,,1,S,NE,,115,,,COHO,GOOD,585,2,44096,OK,,2016,AK,NMFS,W,(W) AUKE CR,AUKE CR 111-50,SINGLE INDEX,1,,4.37392,4.37392,2018,SMOLT
2019,JUNEAU,19046089,747824,R,COM CP,,TRAD,DRIFT,8/20/2019,34,,1,S,NE,,115,,,COHO,GOOD,610,2,44096,OK,,2016,AK,NMFS,W,(W) AUKE CR,AUKE CR 111-50,SINGLE INDEX,1,,4.37392,4.37392,2018,SMOLT
2019,JUNEAU,19046089,747818,R,COM CP,,TRAD,DRIFT,8/20/2019,34,,1,S,NE,,115,,,COHO,QUESTIONABLE,575,2,44096,OK,,2016,AK,NMFS,W,(W) AUKE CR,AUKE CR 111-50,SINGLE INDEX,1,,4.37392,4.37392,2018,SMOLT
2019,JUNEAU,19046093,747848,R,COM CP,,TRAD,DRIFT,8/26/2019,35,,1,S,NE,,115,10,,COHO,GOOD,595,2,44096,OK,,2016,AK,NMFS,W,(W) AUKE CR,AUKE CR 111-50,SINGLE INDEX,1,,10.21546,10.21546,2018,SMOLT
2019,JUNEAU,19046096,768093,R,COM CP,,TRAD,DRIFT,9/1/2019,36,,1,S,NE,,111,32,,COHO,GOOD,575,2,44096,OK,,2016,AK,NMFS,W,(W) AUKE CR,AUKE CR 111-50,SINGLE INDEX,1,,2.90014,2.90014,2018,SMOLT
2019,JUNEAU,19046097,767564,R,COM CP,,TRAD,DRIFT,9/1/2019,36,,1,S,NE,,115,10,,COHO,GOOD,565,2,44096,OK,,2016,AK,NMFS,W,(W) AUKE CR,AUKE CR 111-50,SINGLE INDEX,1,,2.40678,2.40678,2018,SMOLT
2019,JUNEAU,19046097,767549,R,COM CP,,TRAD,DRIFT,9/1/2019,36,,1,S,NE,,115,10,,COHO,GOOD,600,2,44096,OK,,2016,AK,NMFS,W,(W) AUKE CR,AUKE CR 111-50,SINGLE INDEX,1,,2.40678,2.40678,2018,SMOLT
2019,JUNEAU,19046097,767543,R,COM CP,,TRAD,DRIFT,9/1/2019,36,,1,S,NE,,115,10,,COHO,GOOD,630,2,44096,OK,,2016,AK,NMFS,W,(W) AUKE CR,AUKE CR 111-50,SINGLE INDEX,1,,2.40678,2.40678,2018,SMOLT
2019,JUNEAU,19046098,767592,R,COM CP,,TRAD,DRIFT,9/1/2019,36,,1,S,NE,,115,,,COHO,GOOD,620,2,44096,OK,,2016,AK,NMFS,W,(W) AUKE CR,AUKE CR 111-50,SINGLE INDEX,1,,2.40678,2.40678,2018,SMOLT
2019,JUNEAU,19046101,768168,R,COM CP,,TRAD,DRIFT,9/8/2019,37,,1,S,NE,,111,,,COHO,GOOD,610,2,44096,OK,,2016,AK,NMFS,W,(W) AUKE CR,AUKE CR 111-50,SINGLE INDEX,1,,2.66364,2.66364,2018,SMOLT
2019,JUNEAU,19046101,768160,R,COM CP,,TRAD,DRIFT,9/8/2019,37,,1,S,NE,,111,,,COHO,GOOD,620,2,44096,OK,,2016,AK,NMFS,W,(W) AUKE CR,AUKE CR 111-50,SINGLE INDEX,1,,2.66364,2.66364,2018,SMOLT
2019,JUNEAU,19046101,768167,R,COM CP,,TRAD,DRIFT,9/8/2019,37,,1,S,NE,,111,,,COHO,GOOD,650,2,44096,OK,,2016,AK,NMFS,W,(W) AUKE CR,AUKE CR 111-50,SINGLE INDEX,1,,2.66364,2.66364,2018,SMOLT
2019,JUNEAU,19046105,767666,R,COM CP,,TRAD,DRIFT,9/8/2019,37,,1,S,NE,,115,10,,COHO,GOOD,670,2,44096,OK,,2016,AK,NMFS,W,(W) AUKE CR,AUKE CR 111-50,SINGLE INDEX,1,,3.89231,3.89231,2018,SMOLT
2019,JUNEAU,19046105,767677,R,COM CP,,TRAD,DRIFT,9/8/2019,37,,1,S,NE,,115,10,,COHO,QUESTIONABLE,685,2,44096,OK,,2016,AK,NMFS,W,(W) AUKE CR,AUKE CR 111-50,SINGLE INDEX,1,,3.89231,3.89231,2018,SMOLT
2019,JUNEAU,19046106,767724,R,COM CP,,TRAD,DRIFT,9/10/2019,37,,1,S,NE,,111,,,COHO,GOOD,600,2,44096,OK,,2016,AK,NMFS,W,(W) AUKE CR,AUKE CR 111-50,SINGLE INDEX,1,,2.66364,2.66364,2018,SMOLT
2019,JUNEAU,19046106,767749,R,COM CP,,TRAD,DRIFT,9/10/2019,37,,1,S,NE,,111,,,COHO,GOOD,680,2,44096,OK,,2016,AK,NMFS,W,(W) AUKE CR,AUKE CR 111-50,SINGLE INDEX,1,,2.66364,2.66364,2018,SMOLT
2019,JUNEAU,19046107,767783,R,COM CP,,TRAD,DRIFT,9/15/2019,38,,1,S,NE,,111,32,,COHO,GOOD,660,2,44096,OK,,2016,AK,NMFS,W,(W) AUKE CR,AUKE CR 111-50,SINGLE INDEX,1,,2.4761,2.4761,2018,SMOLT
2019,JUNEAU,19046109,767838,R,COM CP,,TRAD,DRIFT,9/15/2019,38,,1,S,NE,,115,10,,COHO,GOOD,615,2,44096,OK,,2016,AK,NMFS,W,(W) AUKE CR,AUKE CR 111-50,SINGLE INDEX,1,,3.47735,3.47735,2018,SMOLT
2019,JUNEAU,19046109,767828,R,COM CP,,TRAD,DRIFT,9/15/2019,38,,1,S,NE,,115,10,,COHO,GOOD,620,2,44096,OK,,2016,AK,NMFS,W,(W) AUKE CR,AUKE CR 111-50,SINGLE INDEX,1,,3.47735,3.47735,2018,SMOLT
2019,JUNEAU,19046109,767870,R,COM CP,,TRAD,DRIFT,9/15/2019,38,,1,S,NE,,115,10,,COHO,GOOD,620,2,44096,OK,,2016,AK,NMFS,W,(W) AUKE CR,AUKE CR 111-50,SINGLE INDEX,1,,3.47735,3.47735,2018,SMOLT
2019,JUNEAU,19046109,767845,R,COM CP,,TRAD,DRIFT,9/15/2019,38,,1,S,NE,,115,10,,COHO,GOOD,640,2,44096,OK,,2016,AK,NMFS,W,(W) AUKE CR,AUKE CR 111-50,SINGLE INDEX,1,,3.47735,3.47735,2018,SMOLT
2019,JUNEAU,19046109,767862,R,COM CP,,TRAD,DRIFT,9/15/2019,38,,1,S,NE,,115,10,,COHO,GOOD,670,2,44096,OK,,2016,AK,NMFS,W,(W) AUKE CR,AUKE CR 111-50,SINGLE INDEX,1,,3.47735,3.47735,2018,SMOLT
2019,JUNEAU,19046109,767864,R,COM CP,,TRAD,DRIFT,9/15/2019,38,,1,S,NE,,115,10,,COHO,GOOD,680,2,44096,OK,,2016,AK,NMFS,W,(W) AUKE CR,AUKE CR 111-50,SINGLE INDEX,1,,3.47735,3.47735,2018,SMOLT
2019,JUNEAU,19046112,767904,R,COM CP,,TRAD,DRIFT,9/22/2019,39,,1,S,NE,,111,32,,COHO,GOOD,620,2,44096,OK,,2016,AK,NMFS,W,(W) AUKE CR,AUKE CR 111-50,SINGLE INDEX,1,,3.3,3.3,2018,SMOLT
2019,JUNEAU,19046114,767907,R,COM CP,,TRAD,DRIFT,9/22/2019,39,,1,S,NE,,115,10,,COHO,GOOD,650,2,44096,OK,,2016,AK,NMFS,W,(W) AUKE CR,AUKE CR 111-50,SINGLE INDEX,1,,2.14327,2.14327,2018,SMOLT
2019,JUNEAU,19046116,767912,R,COM CP,,TRAD,DRIFT,9/23/2019,39,,1,S,NE,,115,10,,COHO,GOOD,600,2,44096,OK,,2016,AK,NMFS,W,(W) AUKE CR,AUKE CR 111-50,SINGLE INDEX,1,,2.14327,2.14327,2018,SMOLT
2019,JUNEAU,19046116,767928,R,COM CP,,TRAD,DRIFT,9/23/2019,39,,1,S,NE,,115,10,,COHO,GOOD,635,2,44096,OK,,2016,AK,NMFS,W,(W) AUKE CR,AUKE CR 111-50,SINGLE INDEX,1,,2.14327,2.14327,2018,SMOLT
2019,JUNEAU,19046120,767951,R,COM CP,,TRAD,DRIFT,9/29/2019,40,,1,S,NE,,115,,,COHO,QUESTIONABLE,635,2,44096,OK,,2016,AK,NMFS,W,(W) AUKE CR,AUKE CR 111-50,SINGLE INDEX,1,,4.28796,4.28796,2018,SMOLT
2019,HOONAH,19110065,663578,R,COM CP,,TRAD,TROLL,8/28/2019,35,5,1,S,NW,,,,,COHO,GOOD,615,2,44096,OK,,2016,AK,NMFS,W,(W) AUKE CR,AUKE CR 111-50,SINGLE INDEX,1,,5.01517,5.01517,2018,SMOLT
2019,HOONAH,19110061,663567,R,COM CP,,TRAD,TROLL,8/28/2019,35,5,1,S,,,,,,COHO,GOOD,620,2,44096,OK,,2016,AK,NMFS,W,(W) AUKE CR,AUKE CR 111-50,SINGLE INDEX,1,,,,2018,SMOLT
2019,HOONAH,19110064,663576,R,COM CP,,TRAD,TROLL,8/29/2019,35,5,1,S,NW,,114,25,,COHO,GOOD,585,2,44096,OK,,2016,AK,NMFS,W,(W) AUKE CR,AUKE CR 111-50,SINGLE INDEX,1,,5.01517,5.01517,2018,SMOLT
2019,HOONAH,19110072,663926,R,COM CP,,TRAD,TROLL,9/4/2019,36,5,1,S,NW,,,,,COHO,GOOD,630,2,44096,OK,,2016,AK,NMFS,W,(W) AUKE CR,AUKE CR 111-50,SINGLE INDEX,1,,5.01517,5.01517,2018,SMOLT
2019,HOONAH,19110075,663948,R,COM CP,,TRAD,TROLL,9/5/2019,36,5,1,S,NW,,113,91,,COHO,GOOD,650,2,44096,OK,,2016,AK,NMFS,W,(W) AUKE CR,AUKE CR 111-50,SINGLE INDEX,1,,5.01517,5.01517,2018,SMOLT
2019,HOONAH,19110080,663989,R,COM CP,,TRAD,TROLL,9/9/2019,37,5,1,S,,,,,,COHO,GOOD,590,2,44096,OK,,2016,AK,NMFS,W,(W) AUKE CR,AUKE CR 111-50,SINGLE INDEX,1,,,,2018,SMOLT
2019,HOONAH,19110080,663982,R,COM CP,,TRAD,TROLL,9/9/2019,37,5,1,S,,,,,,COHO,GOOD,600,2,44096,OK,,2016,AK,NMFS,W,(W) AUKE CR,AUKE CR 111-50,SINGLE INDEX,1,,,,2018,SMOLT
2019,SITKA,19037973,778560,R,COM CP,,TRAD,TROLL,9/10/2019,37,5,1,S,NW,,,,,COHO,GOOD,625,2,44096,OK,,2016,AK,NMFS,W,(W) AUKE CR,AUKE CR 111-50,SINGLE INDEX,1,,5.01517,5.01517,2018,SMOLT
2019,JUNEAU,19041658,795804,R,SPORT,POSTSEASON,,,8/23/2019,34,3,1,S,NE,,111,40,,COHO,GOOD,575,2,44096,OK,,2016,AK,NMFS,W,(W) AUKE CR,AUKE CR 111-50,SINGLE INDEX,1,,1.02041,1.02041,2018,SMOLT
2019,JUNEAU,19042161,795806,R,SPORT,POSTSEASON,,,8/24/2019,34,3,1,S,NE,,112,16,,COHO,GOOD,615,2,44096,OK,,2016,AK,NMFS,W,(W) AUKE CR,AUKE CR 111-50,SINGLE INDEX,1,,1.02041,1.02041,2018,SMOLT
2019,JUNEAU,19041928,795903,R,SPORT,POSTSEASON,,,8/25/2019,35,3,1,S,NE,,111,40,,COHO,GOOD,590,2,44096,OK,,2016,AK,NMFS,W,(W) AUKE CR,AUKE CR 111-50,SINGLE INDEX,1,,1.02041,1.02041,2018,SMOLT
2019,JUNEAU,19042233,677215,R,SPORT,POSTSEASON,,,9/1/2019,36,3,1,S,NE,,111,50,,COHO,GOOD,700,2,44096,OK,,2016,AK,NMFS,W,(W) AUKE CR,AUKE CR 111-50,SINGLE INDEX,1,,27.36406,27.36406,2018,SMOLT
2020,JUNEAU,20046074,768218,R,COM CP,,TRAD,DRIFT,8/23/2020,35,,1,S,NE,,111,,,COHO,GOOD,560,2,44897,OK,,2017,AK,NMFS,W,(W) AUKE LK 111-50,AUKE CR 111-50,SINGLE INDEX,1.001,,2.81442,2.81723,2019,SMOLT
2020,JUNEAU,20046074,768216,R,COM CP,,TRAD,DRIFT,8/23/2020,35,,1,S,NE,,111,,,COHO,GOOD,610,2,44897,OK,,2017,AK,NMFS,W,(W) AUKE LK 111-50,AUKE CR 111-50,SINGLE INDEX,1.001,,2.81442,2.81723,2019,SMOLT
2020,JUNEAU,20046077,768308,R,COM CP,,TRAD,DRIFT,8/30/2020,36,,1,S,NE,,115,10,,COHO,GOOD,565,2,44897,OK,,2017,AK,NMFS,W,(W) AUKE LK 111-50,AUKE CR 111-50,SINGLE INDEX,1.001,,6.40872,6.41513,2019,SMOLT
2020,JUNEAU,20046077,768309,R,COM CP,,TRAD,DRIFT,8/30/2020,36,,1,S,NE,,115,10,,COHO,QUESTIONABLE,650,2,44897,OK,,2017,AK,NMFS,W,(W) AUKE LK 111-50,AUKE CR 111-50,SINGLE INDEX,1.001,,6.40872,6.41513,2019,SMOLT
2020,JUNEAU,20046083,768267,R,COM CP,,TRAD,DRIFT,9/13/2020,38,,1,S,NE,,111,32,,COHO,GOOD,575,2,44897,OK,,2017,AK,NMFS,W,(W) AUKE LK 111-50,AUKE CR 111-50,SINGLE INDEX,1.001,,2.23182,2.23405,2019,SMOLT
2020,JUNEAU,20046090,768293,R,COM CP,,TRAD,DRIFT,9/13/2020,38,,1,S,NE,,115,10,,COHO,GOOD,590,2,44897,OK,,2017,AK,NMFS,W,(W) AUKE LK 111-50,AUKE CR 111-50,SINGLE INDEX,1.001,,4.57235,4.57692,2019,SMOLT
2020,JUNEAU,20046090,767016,R,COM CP,,TRAD,DRIFT,9/13/2020,38,,1,S,NE,,115,10,,COHO,GOOD,600,2,44897,OK,,2017,AK,NMFS,W,(W) AUKE LK 111-50,AUKE CR 111-50,SINGLE INDEX,1.001,,4.57235,4.57692,2019,SMOLT
2020,JUNEAU,20046090,768300,R,COM CP,,TRAD,DRIFT,9/13/2020,38,,1,S,NE,,115,10,,COHO,GOOD,625,2,44897,OK,,2017,AK,NMFS,W,(W) AUKE LK 111-50,AUKE CR 111-50,SINGLE INDEX,1.001,,4.57235,4.57692,2019,SMOLT
2020,JUNEAU,20046092,767038,R,COM CP,,TRAD,DRIFT,9/20/2020,39,,1,S,NE,,115,10,,COHO,GOOD,600,2,44897,OK,,2017,AK,NMFS,W,(W) AUKE LK 111-50,AUKE CR 111-50,SINGLE INDEX,1.001,,3.60641,3.61002,2019,SMOLT
2020,JUNEAU,20046092,767034,R,COM CP,,TRAD,DRIFT,9/20/2020,39,,1,S,NE,,115,10,,COHO,GOOD,645,2,44897,OK,,2017,AK,NMFS,W,(W) AUKE LK 111-50,AUKE CR 111-50,SINGLE INDEX,1.001,,3.60641,3.61002,2019,SMOLT
2020,JUNEAU,20041513,783130,R,SPORT,POSTSEASON,,,8/23/2020,35,3,1,S,NE,,111,50,,COHO,QUESTIONABLE,610,2,44897,OK,,2017,AK,NMFS,W,(W) AUKE LK 111-50,AUKE CR 111-50,SINGLE INDEX,1.001,,21.7675,21.78927,2019,SMOLT
2021,JUNEAU,21046118,767360,R,COM CP,,TRAD,DRIFT,8/29/2021,36,,1,S,NE,,111,,,COHO,GOOD,620,2,45309,OK,,2017,AK,NMFS,W,(W) AUKE CR,AUKE CR 111-50,SINGLE INDEX,1.001,,2.44857,2.45102,2020,SMOLT
2021,JUNEAU,21046129,767295,R,COM CP,,TRAD,DRIFT,9/5/2021,37,,1,S,NE,,111,,,COHO,GOOD,680,2,45309,OK,,2017,AK,NMFS,W,(W) AUKE CR,AUKE CR 111-50,SINGLE INDEX,1.001,,2.17275,2.17492,2020,SMOLT
2021,JUNEAU,21046128,767274,R,COM CP,,TRAD,DRIFT,9/7/2021,37,,1,S,NE,,115,10,,COHO,GOOD,660,2,45309,OK,,2017,AK,NMFS,W,(W) AUKE CR,AUKE CR 111-50,SINGLE INDEX,1.001,,13.24101,13.25425,2020,SMOLT
2021,JUNEAU,21046126,767488,R,COM CP,,TRAD,DRIFT,9/8/2021,37,,1,S,NE,,115,10,,COHO,GOOD,620,2,45309,OK,,2017,AK,NMFS,W,(W) AUKE CR,AUKE CR 111-50,SINGLE INDEX,1.001,,13.24101,13.25425,2020,SMOLT
2021,JUNEAU,21046131,664355,R,COM CP,,TRAD,DRIFT,9/12/2021,38,,1,S,NE,,111,,,COHO,GOOD,535,2,45309,OK,,2017,AK,NMFS,W,(W) AUKE CR,AUKE CR 111-50,SINGLE INDEX,1.001,,1.44361,1.44505,2020,SMOLT
2021,JUNEAU,21046132,664325,R,COM CP,,TRAD,DRIFT,9/12/2021,38,,1,S,NE,,115,10,,COHO,GOOD,580,2,45309,OK,,2017,AK,NMFS,W,(W) AUKE CR,AUKE CR 111-50,SINGLE INDEX,1.001,,4.16477,4.16893,2020,SMOLT
2021,JUNEAU,21046133,664396,R,COM CP,,TRAD,DRIFT,9/12/2021,38,,1,S,NE,,115,10,,COHO,GOOD,605,2,45309,OK,,2017,AK,NMFS,W,(W) AUKE CR,AUKE CR 111-50,SINGLE INDEX,1.001,,4.16477,4.16893,2020,SMOLT
2021,JUNEAU,21046141,664420,R,COM CP,,TRAD,DRIFT,9/26/2021,40,,1,S,NE,,115,10,,COHO,GOOD,625,2,45309,OK,,2017,AK,NMFS,W,(W) AUKE CR,AUKE CR 111-50,SINGLE INDEX,1.001,,2.95604,2.959,2020,SMOLT
2021,JUNEAU,21046141,664417,R,COM CP,,TRAD,DRIFT,9/26/2021,40,,1,S,NE,,115,10,,COHO,GOOD,640,2,45309,OK,,2017,AK,NMFS,W,(W) AUKE CR,AUKE CR 111-50,SINGLE INDEX,1.001,,2.95604,2.959,2020,SMOLT
2021,PETERSBURG,21056362,402609,R,COM CP,,TRAD,PURSE,8/10/2021,33,4,1,S,NE,SA12,112,,,COHO,GOOD,620,2,45309,OK,,2017,AK,NMFS,W,(W) AUKE CR,AUKE CR 111-50,SINGLE INDEX,1.001,,10.431,10.44143,2020,SMOLT
2021,SITKA,21037365,410589,R,COM CP,,TRAD,TROLL,7/27/2021,31,4,1,S,NW,,113,41,,COHO,GOOD,565,2,45309,OK,,2017,AK,NMFS,W,(W) AUKE CR,AUKE CR 111-50,SINGLE INDEX,1.001,,5.04874,5.05379,2020,SMOLT
2021,JUNEAU,21046106,664261,R,COM CP,,TRAD,TROLL,8/19/2021,34,5,1,S,NW,,,,,COHO,GOOD,580,2,45309,OK,,2017,AK,NMFS,W,(W) AUKE CR,AUKE CR 111-50,SINGLE INDEX,1.001,,6.95025,6.9572,2020,SMOLT
2021,SITKA,21037956,416853,R,COM CP,,TRAD,TROLL,9/15/2021,38,5,1,S,NW,,114,25,,COHO,GOOD,605,2,45309,OK,,2017,AK,NMFS,W,(W) AUKE CR,AUKE CR 111-50,SINGLE INDEX,1.001,,6.95025,6.9572,2020,SMOLT
2021,SITKA,21037956,416839,R,COM CP,,TRAD,TROLL,9/15/2021,38,5,1,S,NW,,114,25,,COHO,GOOD,655,2,45309,OK,,2017,AK,NMFS,W,(W) AUKE CR,AUKE CR 111-50,SINGLE INDEX,1.001,,6.95025,6.9572,2020,SMOLT
2021,SITKA,21037959,418359,R,COM CP,,TRAD,TROLL,9/17/2021,38,5,1,S,NW,,114,25,,COHO,GOOD,570,2,45309,OK,,2017,AK,NMFS,W,(W) AUKE CR,AUKE CR 111-50,SINGLE INDEX,1.001,,6.95025,6.9572,2020,SMOLT
2021,JUNEAU,21041867,639473,R,SPORT,POSTSEASON,,,8/29/2021,36,3,1,S,NE,,111,50,,COHO,GOOD,620,2,45309,OK,,2017,AK,NMFS,W,(W) AUKE CR,AUKE CR 111-50,SINGLE INDEX,1.001,,19.31887,19.33819,2020,SMOLT
2021,JUNEAU,21041875,783137,R,SPORT,POSTSEASON,,,9/1/2021,36,3,1,S,NE,,111,50,,COHO,GOOD,610,2,45309,OK,,2017,AK,NMFS,W,(W) AUKE CR,AUKE CR 111-50,SINGLE INDEX,1.001,,19.31887,19.33819,2020,SMOLT
2022,JUNEAU,22046130,730029,R,COM CP,,TRAD,DRIFT,9/11/2022,38,,1,S,NE,,111,32,,COHO,GOOD,585,2,43299,OK,,2018,AK,NMFS,W,(W) AUKE CR,AUKE CR 111-50,SINGLE INDEX,1,,2.93311,2.93311,2021,SMOLT
2022,JUNEAU,22046130,730027,R,COM CP,,TRAD,DRIFT,9/11/2022,38,,1,S,NE,,111,32,,COHO,GOOD,595,2,43299,OK,,2018,AK,NMFS,W,(W) AUKE CR,AUKE CR 111-50,SINGLE INDEX,1,,2.93311,2.93311,2021,SMOLT
2022,JUNEAU,22046130,730025,R,COM CP,,TRAD,DRIFT,9/11/2022,38,,1,S,NE,,111,32,,COHO,QUESTIONABLE,590,2,43299,OK,,2018,AK,NMFS,W,(W) AUKE CR,AUKE CR 111-50,SINGLE INDEX,1,,2.93311,2.93311,2021,SMOLT
2022,JUNEAU,22046142,730047,R,COM CP,,TRAD,DRIFT,9/18/2022,39,,1,S,NE,,115,10,,COHO,GOOD,500,2,43299,OK,,2018,AK,NMFS,W,(W) AUKE CR,AUKE CR 111-50,SINGLE INDEX,1,,4.92152,4.92152,2021,SMOLT
2022,JUNEAU,22046143,730055,R,COM CP,,TRAD,DRIFT,9/18/2022,39,,1,S,NE,,115,10,,COHO,GOOD,640,2,43299,OK,,2018,AK,NMFS,W,(W) AUKE CR,AUKE CR 111-50,SINGLE INDEX,1,,4.92152,4.92152,2021,SMOLT
2022,SITKA,22037629,440593,R,COM CP,,TRAD,TROLL,8/4/2022,32,4,1,S,NW,,154,,,COHO,GOOD,510,2,43299,OK,,2018,AK,NMFS,W,(W) AUKE CR,AUKE CR 111-50,SINGLE INDEX,1,,4.26104,4.26104,2021,SMOLT
2022,ELFIN COVE,22026014,429458,R,COM CP,,TRAD,TROLL,8/15/2022,34,5,1,S,NW,,114,21,,COHO,GOOD,535,2,43299,OK,,2018,AK,NMFS,W,(W) AUKE CR,AUKE CR 111-50,SINGLE INDEX,1,,6.41714,6.41714,2021,SMOLT
2022,ELFIN COVE,22026014,429459,R,COM CP,,TRAD,TROLL,8/15/2022,34,5,1,S,NW,,114,21,,COHO,GOOD,600,2,43299,OK,,2018,AK,NMFS,W,(W) AUKE CR,AUKE CR 111-50,SINGLE INDEX,1,,6.41714,6.41714,2021,SMOLT
2022,ELFIN COVE,22026019,429465,R,COM CP,,TRAD,TROLL,8/17/2022,34,5,1,S,NW,,114,21,,COHO,GOOD,535,2,43299,OK,,2018,AK,NMFS,W,(W) AUKE CR,AUKE CR 111-50,SINGLE INDEX,1,,6.41714,6.41714,2021,SMOLT
2022,JUNEAU,22042121,639494,R,SPORT,INSEASON,,,8/21/2022,35,,1,S,NE,,112,15,,COHO,GOOD,590,2,43299,OK,,2018,AK,NMFS,W,(W) AUKE CR,AUKE CR 111-50,SINGLE INDEX,1,,3.02236,3.02236,2021,SMOLT
2022,JUNEAU,22045019,670112,S,SPORT,,,,9/14/2022,38,,1,S,NE,,111,50,,COHO,UNKNOWN,,,43299,OK,,2018,AK,NMFS,W,(W) AUKE CR,AUKE CR 111-50,SINGLE INDEX,1,,,,2021,SMOLT
2022,JUNEAU,22046120,730017,R,COM CP,,TRAD,DRIFT,8/30/2022,36,,1,S,NE,,115,10,,COHO,GOOD,370,2,44893,OK,,2019,AK,NMFS,W,(W) AUKE CR,AUKE CR 111-50,SINGLE INDEX,1,,1.94712,1.94712,2022,SMOLT
2023,JUNEAU,23046066,429804,R,COM CP,,TRAD,DRIFT,8/20/2023,34,,1,S,NE,,115,,,COHO,GOOD,530,2,44893,OK,,2019,AK,NMFS,W,(W) AUKE CR,AUKE CR 111-50,SINGLE INDEX,1,,,,2022,SMOLT
2023,JUNEAU,23046066,429805,R,COM CP,,TRAD,DRIFT,8/20/2023,34,,1,S,NE,,115,,,COHO,GOOD,635,2,44893,OK,,2019,AK,NMFS,W,(W) AUKE CR,AUKE CR 111-50,SINGLE INDEX,1,,,,2022,SMOLT
2023,JUNEAU,23046078,430194,R,COM CP,,TRAD,DRIFT,8/27/2023,35,,1,S,NE,,111,,,COHO,GOOD,555,2,44893,OK,,2019,AK,NMFS,W,(W) AUKE CR,AUKE CR 111-50,SINGLE INDEX,1,,4.4773,4.4773,2022,SMOLT
2023,JUNEAU,23046085,730391,R,COM CP,,TRAD,DRIFT,9/10/2023,37,,1,S,NE,,111,32,,COHO,GOOD,570,2,44893,OK,,2019,AK,NMFS,W,(W) AUKE CR,AUKE CR 111-50,SINGLE INDEX,1,,1.96446,1.96446,2022,SMOLT
2023,JUNEAU,23046086,429823,R,COM CP,,TRAD,DRIFT,9/10/2023,37,,1,S,NE,,115,13,,COHO,GOOD,530,2,44893,OK,,2019,AK,NMFS,W,(W) AUKE CR,AUKE CR 111-50,SINGLE INDEX,1,,,,2022,SMOLT
2023,JUNEAU,23046086,429821,R,COM CP,,TRAD,DRIFT,9/10/2023,37,,1,S,NE,,115,13,,COHO,GOOD,585,2,44893,OK,,2019,AK,NMFS,W,(W) AUKE CR,AUKE CR 111-50,SINGLE INDEX,1,,,,2022,SMOLT
2023,JUNEAU,23046086,429822,R,COM CP,,TRAD,DRIFT,9/10/2023,37,,1,S,NE,,115,13,,COHO,GOOD,610,2,44893,OK,,2019,AK,NMFS,W,(W) AUKE CR,AUKE CR 111-50,SINGLE INDEX,1,,,,2022,SMOLT
2023,JUNEAU,23046086,429825,R,COM CP,,TRAD,DRIFT,9/10/2023,37,,1,S,NE,,115,13,,COHO,GOOD,645,2,44893,OK,,2019,AK,NMFS,W,(W) AUKE CR,AUKE CR 111-50,SINGLE INDEX,1,,,,2022,SMOLT
2023,PETERSBURG,23056373,436377,R,COM CP,,TRAD,PURSE,8/17/2023,33,4,1,S,NW,SA14,114,27,,COHO,QUESTIONABLE,600,2,44893,OK,,2019,AK,NMFS,W,(W) AUKE CR,AUKE CR 111-50,SINGLE INDEX,1,,2.24036,2.24036,2022,SMOLT
2023,SITKA,23037347,571896,R,COM CP,,TRAD,TROLL,9/6/2023,36,5,1,S,NW,,113,41,,COHO,GOOD,525,2,44893,OK,,2019,AK,NMFS,W,(W) AUKE CR,AUKE CR 111-50,SINGLE INDEX,1,,8.93758,8.93758,2022,SMOLT
2023,JUNEAU,23042339,783261,R,SPORT,INSEASON,,,8/20/2023,34,,1,S,NE,,111,50,,COHO,GOOD,545,2,44893,OK,,2019,AK,NMFS,W,(W) AUKE CR,AUKE CR 111-50,SINGLE INDEX,1,,3.49573,3.49573,2022,SMOLT
2023,ELFIN COVE,23021397,566847,R,SPORT,INSEASON,,,8/25/2023,34,,1,S,NW,,113,91,,COHO,GOOD,610,2,44893,OK,,2019,AK,NMFS,W,(W) AUKE CR,AUKE CR 111-50,SINGLE INDEX,1,,3.49037,3.49037,2022,SMOLT
2023,JUNEAU,23042342,656051,R,SPORT,INSEASON,,,8/26/2023,34,,1,S,NE,,111,40,,COHO,GOOD,590,2,44893,OK,,2019,AK,NMFS,W,(W) AUKE CR,AUKE CR 111-50,SINGLE INDEX,1,,3.49573,3.49573,2022,SMOLT
2023,JUNEAU,23042411,677359,R,SPORT,INSEASON,,,9/10/2023,37,,1,S,NE,,111,50,,COHO,GOOD,410,2,44893,OK,,2019,AK,NMFS,W,(W) AUKE CR,AUKE CR 111-50,SINGLE INDEX,1,,5.99216,5.99216,2022,SMOLT
